<?xml version="1.0" encoding="UTF-8" ?>
<!DOCTYPE mapper
  PUBLIC "-//mybatis.org//DTD Mapper 3.0//EN"
  "http://mybatis.org/dtd/mybatis-3-mapper.dtd">
<!-- 如果用省略dao层的实现层 命名空间是接口类的全路径 -->
<mapper namespace="dao.ConfigQuestionSecondKindMapper">
   
  <resultMap type="ConfigQuestionSecondKind" id="tid" >
   <id property="qskId" column="qsk_id"/>
   <result property="firstKindId" column="first_kind_id"/>
   <result property="firstKindName" column="first_kind_name"/>
   <result property="secondKindId" column="second_kind_id"/>
   <result property="secondKindName" column="second_kind_name"/>  
  </resultMap>
	
	<insert id="insertConfigQuestionSecondKind" parameterType="ConfigQuestionSecondKind">
    insert into config_question_second_kind
    (qsk_id,first_kind_id,first_kind_name,second_kind_id,second_kind_name) 
    values(#{qskId},#{firstKindId},#{firstKindName},#{secondKindId},#{secondKindName}) 
	
   </insert>
	
   <delete id="deleteConfigQuestionSecondKind" parameterType="short">
    delete from config_question_second_kind where qfk_id=#{qfkId}
   </delete>
     
   <update id="updateConfigQuestionSecondKind" parameterType="ConfigQuestionSecondKind">
    update config_question_Second_kind
    set qsk_id=#{qskId},first_kind_id=#{firstKindId},first_kind_name=#{firstKindName},second_kind_id=#{secondKindId},second_kind_name=#{secondKindName}
    where qsk_id=#{qskId}
   </update>
   
	<select id="selectConfigQuestionSecondKindById" parameterType="short" resultMap="tid">
		select * from config_question_second_kind where qsk_id=#{qskId}
	</select>
	
	<select id="selectAllConfigQuestionSecondKind" resultMap="tid">
		select * from config_question_second_kind
	</select>
</mapper>
  