<?xml version="1.0" encoding="UTF-8" ?>
<!DOCTYPE mapper
  PUBLIC "-//mybatis.org//DTD Mapper 3.0//EN"
  "http://mybatis.org/dtd/mybatis-3-mapper.dtd">
<!-- 如果用省略dao层的实现层 命名空间是接口类的全路径 -->
<mapper namespace="dao.ConfigFileThirdKindMapper">
       
    <resultMap type="ConfigFileThirdKind" id="tid" >
    <id property="ftkId" column="ftk_id"/>
    <result property="firstKindId" column="first_kind_id"/>
    <result property="firstKindName" column="first_kind_name"/>
    <result property="secondKindId" column="second_kind_id"/>
    <result property="secondKindName" column="second_kind_name"/>
    <result property="thirdKindId" column="third_kind_id"/>
    <result property="thirdKindName" column="third_kind_name"/>
    <result property="thirdKindSaleId" column="third_kind_sale_id"/>
    <result property="thirdKindIsRetail" column="third_kind_is_retail"/>   
    </resultMap>

	
	<insert id="insertConfigFileThirdKind"
		parameterType="ConfigFileThirdKind">
		insert into config_file_third_kind
		(ftk_id,first_kind_id,first_kind_name,second_kind_id,second_kind_name,third_kind_id,third_kind_name,third_kind_sale_id,third_kind_is_retail)
		values
		(#{ftkId},#{firstKindId},#{firstKindName},#{secondKindId},#{secondKindName},#{thirdKindId},#{thirdKindName},#{thirdKindSaleId},#{thirdKindIsRetail})
	</insert>
	
	<delete id="deleteConfigFileThirdKind" parameterType="short">
		delete from config_file_third_kind where ftk_id=#{ftkId}
	</delete>
	
	<delete id="deleteConfigFileThirdKindByfirstkindid" parameterType="string">
		delete from config_file_third_kind where first_kind_id=#{firstKindId}
	</delete>
	
	<update id="updateConfigFileThirdKind"
		parameterType="ConfigFileThirdKind">
		update config_file_third_kind set
		
        ftk_id=#{ftkId},first_kind_id=#{firstKindId},first_kind_name=#{firstKindName},second_kind_id=#{secondKindId},second_kind_name=#{secondKindName},third_kind_id=#{thirdKindId},third_kind_name=#{thirdKindName},third_kind_sale_id=#{thirdKindSaleId},third_kind_is_retail=#{thirdKindIsRetail}

		where ftk_id=#{ftkId}
	</update>
	
	<update id="updateConfigFileFirstKindBycffk"
		parameterType="ConfigFileFirstKind">
		update Config_file_third_kind set first_kind_name=#{firstKindName}
		where first_kind_id=#{firstKindId}
	</update>

	<select id="selectConfigFileThirdKindById"
		parameterType="short" resultMap="tid">
		select * from config_file_third_kind where ftk_id=#{ftkId}
	</select>
	
	<select id="selectAllConfigFileThirdKind" resultMap="tid">
		select * from config_file_third_kind
	</select>
</mapper>
  