<?xml version="1.0" encoding="UTF-8" ?>
<!DOCTYPE mapper
  PUBLIC "-//mybatis.org//DTD Mapper 3.0//EN"
  "http://mybatis.org/dtd/mybatis-3-mapper.dtd">
<!-- 如果用省略dao层的实现层 命名空间是接口类的全路径 -->
<mapper namespace="dao.ConfigQuestionFirstKindMapper">
   
   <resultMap type="ConfigQuestionFirstKind" id="tid" >
    <id property="qfkId" column="qfk_id"/>
    <result property="firstKindId" column="first_kind_id"/>
    <result property="firstKindName" column="first_kind_name"/>
    </resultMap>  
	
	<insert id="insertConfigQuestionFirstKind" parameterType="ConfigQuestionFirstKind">
    insert into config_question_first_kind
    (qfk_id,first_kind_id,first_kind_name) 
    values(#{qfkId},#{firstKindId},#{firstKindName}) 
	
   </insert>
	
   <delete id="deleteConfigQuestionFirstKind" parameterType="short">
    delete from config_question_first_kind where qfk_id=#{qfkId}
   </delete>
     
   <update id="updateConfigQuestionFirstKind" parameterType="ConfigQuestionFirstKind">
    update config_question_first_kind
    set qfk_id=#{qfkId},first_kind_id=#{firstKindId},first_kind_name=#{firstKindName}
    where qfk_id=#{qfkId}
   </update>
   
	<select id="selectConfigQuestionFirstKindById" parameterType="short" resultMap="tid">
		select * from config_question_first_kind where qfk_id=#{qfkId}
	</select>
	
	<select id="selectAllConfigQuestionFirstKind" resultMap="tid">
		select * from config_question_first_kind
	</select>
</mapper>
  