<?xml version="1.0" encoding="UTF-8" ?>
<!DOCTYPE mapper
  PUBLIC "-//mybatis.org//DTD Mapper 3.0//EN"
  "http://mybatis.org/dtd/mybatis-3-mapper.dtd">
<!-- 如果用省略dao层的实现层 命名空间是接口类的全路径 -->
<mapper namespace="dao.ConfigFileSecondKindMapper">
       
    <resultMap type="ConfigFileSecondKind" id="tid" >
        <id property="fskId" column="fsk_id"/>
        <result property="firstKindId" column="first_kind_id"/>
        <result property="firstKindName" column="first_kind_name"/>
        <result property="secondKindId" column="second_kind_id"/>
        <result property="secondKindName" column="second_kind_name"/>
        <result property="secondSalaryId" column="second_salary_id"/>
       <result property="secondSaleId" column="second_sale_id"/> 
    </resultMap>
	
	<insert id="insertConfigFileSecondKind"
		parameterType="ConfigFileSecondKind">
		insert into config_file_second_kind
		(fsk_id,first_kind_id,first_kind_name,second_kind_id,second_kind_name,second_salary_id,second_sale_id)
		values(#{fskId},#{firstKindId},#{firstKindName},#{secondKindId},#{secondKindName},#{secondSalaryId},#{secondSaleId})
	</insert>
	
	<delete id="deleteConfigFileSecondKind" parameterType="short">
		delete from config_file_second_kind where fsk_id=#{id}
	</delete>
	
	<delete id="deleteConfigFileSecondKindByfirstkindid" parameterType="string">
		delete from config_file_second_kind where first_kind_id=#{firstKindId}
	</delete>
	
	<update id="updateConfigFileSecondKind"
		parameterType="ConfigFileSecondKind">
		update config_file_second_kind set
		first_kind_id=#{firstKindId},first_kind_name=#{firstKindName},second_kind_id=#{secondKindId},second_kind_name=#{secondKindName},
		where fsk_id=#{fskId}
	</update>
	
     <update id="updateConfigFileSecondKindBycffk"
		parameterType="ConfigFileFirstKind">
		update Config_file_second_kind set first_kind_name=#{firstKindName} 
		where first_kind_id=#{firstKindId}
	  </update>
	  
	  
	<select id="selectConfigFileSecondKindById"
		parameterType="short" resultMap="tid">
		select * from config_file_second_kind where fsk_id=#{fskId}
	</select>
	
	<select id="selectAllConfigFileSecondKind" resultMap="tid">
		select * from config_file_second_kind
	</select>
</mapper>
  