<?xml version="1.0" encoding="UTF-8" ?>
<!DOCTYPE mapper
  PUBLIC "-//mybatis.org//DTD Mapper 3.0//EN"
  "http://mybatis.org/dtd/mybatis-3-mapper.dtd">
  <!-- 如果用省略dao层的实现层  命名空间是接口类的全路径 -->
   <mapper namespace="dao.EngageMajorReleaseMapper">
   		<insert id="insertEngageMajorRelease" parameterType="EngageMajorRelease">
   			insert into engage_major_Release(first_kind_id,first_kind_name,second_kind_id,second_kind_name,third_kind_id,third_kind_name,major_kind_id,major_kind_name,major_id,major_name,human_amount,engage_type,deadline,register,changer,regist_time,change_time,major_describe,engage_required)
			values (#{firstKindId},#{firstKindName},#{secondKindId},#{secondKindName},#{thirdKindId},#{thirdKindName},#{majorKindId},#{majorKindName},#{majorId},#{majorName},#{humanAmount},#{engageType},#{deadline},#{register},#{changer},#{registTime},#{changeTime},#{majorDescribe},#{engageRequired})
   		</insert>
   		<delete id="deleteEngageMajorRelease" parameterType="_short">
   			delete from engage_major_Release where mre_id=#{id}
   		</delete>
   		<update id="updateEngageMajorRelease" parameterType="EngageMajorRelease">
   			update engage_major_Release set first_kind_id=#{firstKindId},first_kind_name=#{firstKindName},second_kind_id=#{secondKindId},second_kind_name=#{secondKindName},third_kind_id=#{thirdKindId},third_kind_name=#{thirdKindName},major_kind_id=#{majorKindId},major_kind_name=#{majorKindName},major_id=#{majorId},major_name=#{majorName},human_amount=#{humanAmount},engage_type=#{engageType},deadline=#{deadline},register=#{register},changer=#{changer},regist_time=#{registTime},change_time=#{changeTime},major_describe=#{majorDescribe},engage_required=#{engageRequired}
   			where mre_id=#{mreId}
   		</update>
   		
	<resultMap type="EngageMajorRelease" id="tid" >
<id property="mreId" column="mre_id"/>
<result property="firstKindId" column="first_kind_id"/>
<result property="firstKindName" column="first_kind_name"/>
<result property="secondKindId" column="second_kind_id"/>
<result property="secondKindName" column="second_kind_name"/>
<result property="thirdKindId" column="third_kind_id"/>
<result property="thirdKindName" column="third_kind_name"/>
<result property="majorKindId" column="major_kind_id"/>
<result property="majorKindName" column="major_kind_name"/>
<result property="majorId" column="major_id"/>
<result property="majorName" column="major_name"/>
<result property="humanAmount" column="human_amount"/>
<result property="engageType" column="engage_type"/>
<result property="deadline" column="deadline"/>
<result property="register" column="register"/>
<result property="changer" column="changer"/>
<result property="registTime" column="regist_time"/>
<result property="changeTime" column="change_time"/>
<result property="majorDescribe" column="major_describe"/>
<result property="engageRequired" column="engage_required"/>   </resultMap>
	
   		
   		<select id="selectEngageMajorReleaseById" parameterType="_short" resultMap="tid">
   			select * from engage_major_Release where mre_id=#{id}
   		</select>
   		
   		<select id="selectAllEngageMajorRelease" resultMap="tid">
   			select * from engage_major_Release
   		</select>
   		
   		<insert id="insertEngageMajorReleaseAutowrite" parameterType="EngageMajorRelease">
   			insert into engage_major_Release(first_kind_id,first_kind_name,second_kind_id,second_kind_name,third_kind_id,third_kind_name,major_kind_id,major_kind_name,major_id,major_name,human_amount,engage_type,deadline,register,changer,regist_time,change_time,major_describe,engage_required)
   			values(
   				#{firstKindId},
   				(select first_kind_name from config_file_first_kind where first_kind_id=#{firstKindId}),
   				#{secondKindId},
   				(select second_kind_name from config_file_second_kind where second_kind_id=#{secondKindId}),
   				#{thirdKindId},
   				(select third_kind_name from config_file_third_kind where third_kind_id=#{thirdKindId}),
   				#{majorKindId},
   				(select major_kind_name from config_major_kind where major_kind_id=#{majorKindId}),
   				#{majorId},
   				(select major_name from config_major where major_id=#{majorId} and major_kind_id=#{majorKindId}),
   				#{humanAmount},
   				#{engageType},
   				#{deadline},
   				#{register},
   				#{changer},
   				#{registTime},
   				#{changeTime},
   				#{majorDescribe},
   				#{engageRequired}
   			)
   		</insert>
   		
  </mapper>
  