<?xml version="1.0" encoding="UTF-8" ?>
<!DOCTYPE mapper
  PUBLIC "-//mybatis.org//DTD Mapper 3.0//EN"
  "http://mybatis.org/dtd/mybatis-3-mapper.dtd">
  <!-- 如果用省略dao层的实现层  命名空间是接口类的全路径 -->
   <mapper namespace="dao.EngageResumeMapper">
   		<insert id="insertEngageResume" parameterType="EngageResume">
   			insert into engage_resume(human_name,engage_type,human_address,human_postcode,human_major_kind_id,human_major_kind_name,human_major_id,human_major_name,human_telephone,human_homephone,human_mobilephone,human_email,human_hobby,human_specility,human_sex,human_religion,human_party,human_nationality,human_race,human_birthday,human_age,human_educated_degree,human_educated_years,human_educated_major,human_college,human_idcard,human_birthplace,demand_salary_standard,human_history_records,remark,recomandation,human_picture,attachment_name,check_status,register,regist_time,checker,check_time,interview_status,total_points,test_amount,test_checker,test_check_time,pass_register,pass_regist_time,pass_checker,pass_check_time,pass_check_status,pass_checkComment,pass_passComment)
   			values(#{humanName},#{engageType},#{humanAddress},#{humanPostcode},#{humanMajorKindId},#{humanMajorKindName},#{humanMajorId},#{humanMajorName},#{humanTelephone},#{humanHomephone},#{humanMobilephone},#{humanEmail},#{humanHobby},#{humanSpecility},#{humanSex},#{humanReligion},#{humanParty},#{humanNationality},#{humanRace},#{humanBirthday},#{humanAge},#{humanEducatedDegree},#{humanEducatedYears},#{humanEducatedMajor},#{humanCollege},#{humanIdcard},#{humanBirthplace},#{demandSalaryStandard},#{humanHistoryRecords},#{remark},#{recomandation},#{humanPicture},#{attachmentName},#{checkStatus},#{register},#{registTime},#{checker},#{checkTime},#{interviewStatus},#{totalPoints},#{testAmount},#{testChecker},#{testCheckTime},#{passRegister},#{passRegistTime},#{passChecker},#{passCheckTime},#{passCheckStatus},#{passCheckComment},#{passPassComment})
   		</insert>
   		
   		<delete id="deleteEngageResume" parameterType="_short">
   			delete from engage_resume where res_id=#{id}
   		</delete>
   		
   		<update id="updateEngageResume" parameterType="EngageResume">
   			update engage_resume set human_name=#{humanName},engage_type=#{engageType},human_address=#{humanAddress},human_postcode=#{humanPostcode},human_major_kind_id=#{humanMajorKindId},human_major_kind_name=#{humanMajorKindName},human_major_id=#{humanMajorId},human_major_name=#{humanMajorName},human_telephone=#{humanTelephone},human_homephone=#{humanHomephone},human_mobilephone=#{humanMobilephone},human_email=#{humanEmail},human_hobby=#{humanHobby},human_specility=#{humanSpecility},human_sex=#{humanSex},human_religion=#{humanReligion},human_party=#{humanParty},human_nationality=#{humanNationality},human_race=#{humanRace},human_birthday=#{humanBirthday},human_age=#{humanAge},human_educated_degree=#{humanEducatedDegree},human_educated_years=#{humanEducatedYears},human_educated_major=#{humanEducatedMajor},human_college=#{humanCollege},human_idcard=#{humanIdcard},human_birthplace=#{humanBirthplace},demand_salary_standard=#{demandSalaryStandard},human_history_records=#{humanHistoryRecords},remark=#{remark},recomandation=#{recomandation},human_picture=#{humanPicture},attachment_name=#{attachmentName},check_status=#{checkStatus},register=#{register},regist_time=#{registTime},checker=#{checker},check_time=#{checkTime},interview_status=#{interviewStatus},total_points=#{totalPoints},test_amount=#{testAmount},test_checker=#{testChecker},test_check_time=#{testCheckTime},pass_register=#{passRegister},pass_regist_time=#{passRegistTime},pass_checker=#{passChecker},pass_check_time=#{passCheckTime},pass_check_status=#{passCheckStatus},pass_checkComment=#{passCheckComment},pass_passComment=#{passPassComment}
   			where res_id=#{resId}
   		</update>
   		
   		<resultMap type="EngageResume" id="tid" >
<id property="resId" column="res_id"/>
<result property="humanName" column="human_name"/>
<result property="engageType" column="engage_type"/>
<result property="humanAddress" column="human_address"/>
<result property="humanPostcode" column="human_postcode"/>
<result property="humanMajorKindId" column="human_major_kind_id"/>
<result property="humanMajorKindName" column="human_major_kind_name"/>
<result property="humanMajorId" column="human_major_id"/>
<result property="humanMajorName" column="human_major_name"/>
<result property="humanTelephone" column="human_telephone"/>
<result property="humanHomephone" column="human_homephone"/>
<result property="humanMobilephone" column="human_mobilephone"/>
<result property="humanEmail" column="human_email"/>
<result property="humanHobby" column="human_hobby"/>
<result property="humanSpecility" column="human_specility"/>
<result property="humanSex" column="human_sex"/>
<result property="humanReligion" column="human_religion"/>
<result property="humanParty" column="human_party"/>
<result property="humanNationality" column="human_nationality"/>
<result property="humanRace" column="human_race"/>
<result property="humanBirthday" column="human_birthday"/>
<result property="humanAge" column="human_age"/>
<result property="humanEducatedDegree" column="human_educated_degree"/>
<result property="humanEducatedYears" column="human_educated_years"/>
<result property="humanEducatedMajor" column="human_educated_major"/>
<result property="humanCollege" column="human_college"/>
<result property="humanIdcard" column="human_idcard"/>
<result property="humanBirthplace" column="human_birthplace"/>
<result property="demandSalaryStandard" column="demand_salary_standard"/>
<result property="humanHistoryRecords" column="human_history_records"/>
<result property="remark" column="remark"/>
<result property="recomandation" column="recomandation"/>
<result property="humanPicture" column="human_picture"/>
<result property="attachmentName" column="attachment_name"/>
<result property="checkStatus" column="check_status"/>
<result property="register" column="register"/>
<result property="registTime" column="regist_time"/>
<result property="checker" column="checker"/>
<result property="checkTime" column="check_time"/>
<result property="interviewStatus" column="interview_status"/>
<result property="totalPoints" column="total_points"/>
<result property="testAmount" column="test_amount"/>
<result property="testChecker" column="test_checker"/>
<result property="testCheckTime" column="test_check_time"/>
<result property="passRegister" column="pass_register"/>
<result property="passRegistTime" column="pass_regist_time"/>
<result property="passChecker" column="pass_checker"/>
<result property="passCheckTime" column="pass_check_time"/>
<result property="passCheckStatus" column="pass_check_status"/>
<result property="passCheckComment" column="pass_checkComment"/>
<result property="passPassComment" column="pass_passComment"/>   </resultMap>
   		
   		<select id="findEngageResumeById" parameterType="_short" resultMap="tid">
   			select * from  engage_resume where res_id=#{id}
   		</select>
   		
   		<select id="selectEngageResumeById" resultMap="tid">
   			select * from engage_resume
   		</select>
   		
   		<select id="selectAllEngageResumeByConditon" parameterType="hashmap" resultMap="tid">
   			select * from engage_resume
   			<trim prefix="where" prefixOverrides="and|or">
   				<if test="humanMajorId!=''">
   					and human_major_id=#{humanMajorId}
   				</if>
   				<if test="startDate!=''">
   					and  unix_timestamp(regist_time)> unix_timestamp(#{startDate})
   				</if>
   				<if test="endDate!=''">
	   				<![CDATA[
	   					and unix_timestamp(regist_time)<unix_timestamp(#{startDate})
	  			 	]]>
   				</if>
   			</trim>
   		</select>
  </mapper>
  