<?xml version="1.0" encoding="UTF-8" ?>
<!DOCTYPE mapper
  PUBLIC "-//mybatis.org//DTD Mapper 3.0//EN"
  "http://mybatis.org/dtd/mybatis-3-mapper.dtd">
<!-- 如果用省略dao层的实现层 命名空间是接口类的全路径 -->
<mapper namespace="dao.MajorChangeMapper">
	<insert id="insertMajorChange" parameterType="MajorChange">
		insert into major_change
		(mch_id,first_kind_id,first_kind_name,second_kind_id,second_kind_name,third_kind_id,third_kind_name)
		values(#{mchId},#{firstKindId},#{firstKindName},#{secondKindId},#{secondKindName},#{thirdKindId},#{thirdKindName})
	</insert>
	<delete id="deleteMajorChange" parameterType="_short">
		delete from major_change where mch_id=#{id}
	</delete>
	<update id="updateMajorChange" parameterType="MajorChange">
		update major_change set
		mch_id=#{mchId},first_kind_id=#{firstKindId},first_kind_name=#{firstKindName},second_kind_id=#{secondKindId},second_kind_name=#{secondKindName},third_kind_id=#{thirdKindId},third_kind_name=#{thirdKindName}
		where mch_id=#{mchId}
	</update>
	<resultMap type="MajorChange" id="mc" >
		<id property="mchId" column="mch_id"/>
		<result property="firstKindId" column="first_kind_id"/>
		<result property="firstKindName" column="first_kind_name"/>
		<result property="secondKindId" column="second_kind_id"/>
		<result property="secondKindName" column="second_kind_name"/>
		<result property="thirdKindId" column="third_kind_id"/>
		<result property="thirdKindName" column="third_kind_name"/>   
	</resultMap>


	<select id="selectMajorChangeById" parameterType="_short"
		resultMap="mc">
		select * from major_change where mch_id=#{id}
	</select>
	<select id="selectAllMajorChange" resultMap="mc">
		select * from major_change
	</select>
</mapper>
  