<?xml version="1.0" encoding="UTF-8" ?>
<!DOCTYPE mapper
  PUBLIC "-//mybatis.org//DTD Mapper 3.0//EN"
  "http://mybatis.org/dtd/mybatis-3-mapper.dtd">
<!-- 如果用省略dao层的实现层 命名空间是接口类的全路径 -->
<mapper namespace="dao.SalaryGrantMapper">
	<insert id="insertSalaryGrant" parameterType="SalaryGrant">
		insert into salary_grant
		(sgr_id,salary_grant_id,salary_standard_id,first_kind_id,first_kind_name,second_kind_id,second_kind_name,third_kind_id,third_kind_name,human_amount,salary_standard_sum,salary_paid_sum,register,regist_time,checker,check_time,check_status)
		values(#{sgrId},#{salaryGrantId},#{salaryStandardId},#{firstKindId},#{firstKindName},#{secondKindId},#{secondKindName},#{thirdKindId},#{thirdKindName},#{humanAmount},#{salaryStandardSum},#{salaryPaidSum},#{register},#{registTime},#{checker},#{checkTime},#{checkStatus})
	</insert>

	<delete id="deleteSalaryGrant" parameterType="_short">
		delete from salary_grant where sgr_id=#{id}
	</delete>
	<update id="updateSalaryGrant" parameterType="SalaryGrant">
		update salary_grant set
		sgr_id=#{sgrId},salary_grant_id=#{salaryGrantId},salary_standard_id=#{salaryStandardId},first_kind_id=#{firstKindId},first_kind_name=#{firstKindName},second_kind_id=#{secondKindId},second_kind_name=#{secondKindName},third_kind_id=#{thirdKindId},third_kind_name=#{thirdKindName},human_amount=#{humanAmount},salary_standard_sum=#{salaryStandardSum},salary_paid_sum=#{salaryPaidSum},register=#{register},regist_time=#{registTime},checker=#{checker},check_time=#{checkTime},check_status=#{checkStatus}
		where sgr_id=#{sgrId}
	</update>
	<resultMap type="SalaryGrant" id="sg" >
		<id property="sgrId" column="sgr_id"/>
		<result property="salaryGrantId" column="salary_grant_id"/>
		<result property="salaryStandardId" column="salary_standard_id"/>
		<result property="firstKindId" column="first_kind_id"/>
		<result property="firstKindName" column="first_kind_name"/>
		<result property="secondKindId" column="second_kind_id"/>
		<result property="secondKindName" column="second_kind_name"/>
		<result property="thirdKindId" column="third_kind_id"/>
		<result property="thirdKindName" column="third_kind_name"/>
		<result property="humanAmount" column="human_amount"/>
		<result property="salaryStandardSum" column="salary_standard_sum"/>
		<result property="salaryPaidSum" column="salary_paid_sum"/>
		<result property="register" column="register"/>
		<result property="registTime" column="regist_time"/>
		<result property="checker" column="checker"/>
		<result property="checkTime" column="check_time"/>
		<result property="checkStatus" column="check_status"/>   
	</resultMap>


	<select id="selectSalaryGrantById" parameterType="_short"
		resultMap="sg">
		select * from salary_grant where mch_id=#{id}
	</select>
	<select id="selectAllSalaryGrant" resultMap="sg">
		select * from salary_grant
	</select>
</mapper>
  