<?xml version="1.0" encoding="UTF-8"?>
<beans xmlns="http://www.springframework.org/schema/beans"
	xmlns:aop="http://www.springframework.org/schema/aop"
	xmlns:tx="http://www.springframework.org/schema/tx"
	xmlns:context="http://www.springframework.org/schema/context"
	xmlns:mvc="http://www.springframework.org/schema/mvc"
	xmlns:xsi="http://www.w3.org/2001/XMLSchema-instance"
	xmlns:p="http://www.springframework.org/schema/p"
	xsi:schemaLocation="http://www.springframework.org/schema/beans 
						http://www.springframework.org/schema/beans/spring-beans-3.1.xsd
						http://www.springframework.org/schema/aop 
						http://www.springframework.org/schema/aop/spring-aop-3.1.xsd
						http://www.springframework.org/schema/tx 
						http://www.springframework.org/schema/tx/spring-tx-3.1.xsd
						http://www.springframework.org/schema/context 
						http://www.springframework.org/schema/context/spring-context-3.1.xsd
						http://www.springframework.org/schema/mvc 
						http://www.springframework.org/schema/mvc/spring-mvc-3.1.xsd">


	<!-- 扫描所有spring的主键 -->
	<context:component-scan base-package="dao,service.impl,web.controller.*"></context:component-scan>
	<!-- 开启springmvc的注解模式 -->
	<mvc:annotation-driven />
	<!-- 配置 拦截器 -->
	<mvc:interceptors>
		<mvc:interceptor>
			<mvc:mapping path="/demo/show.do" />
			<bean class="web.interceptor.StudentInterceptor"></bean>
		</mvc:interceptor>
	</mvc:interceptors>

	<!--加载外部数据库连接信息 -->
	<context:property-placeholder
		location="classpath:jdbc.properties" />

	<!-- 先创建数据源 -->
	<bean id="dataSource"
		class="org.apache.commons.dbcp.BasicDataSource">
		<property name="driverClassName" value="${mydriver}"></property>
		<property name="url" value="${myurl}"></property>
		<property name="username" value="${myusename}"></property>
		<property name="password" value="${myusepass}"></property>
	</bean>

	<!-- 创建sqlsessionFactory -->
	<bean class="org.mybatis.spring.SqlSessionFactoryBean"
		id="sqlSessionFactory">
		<property name="dataSource" ref="dataSource"></property>
		<!-- 注入mybatis的配置文件 这个配置文件只设置全局设置 低版本一定要存在mybatis的配置文件 -->
		<property name="configLocation"
			value="classpath:sqlmap-config.xml"></property>
	</bean>

	<!-- 创建代理对象 -->
	<bean class="org.mybatis.spring.mapper.MapperScannerConfigurer">
		<property name="sqlSessionFactoryBeanName"
			value="sqlSessionFactory"></property>
		<!-- 一次性加入所有的接口所在的包 -->
		<property name="basePackage" value="dao"></property>
	</bean>

	<!-- 创建事务 -->
	<bean
		class="org.springframework.jdbc.datasource.DataSourceTransactionManager"
		id="dataSourceTransactionManager">
		<property name="dataSource" ref="dataSource"></property>
	</bean>

	<!-- 创建通知 注入通知 -->
	<tx:advice id="myAdvice"
		transaction-manager="dataSourceTransactionManager">
		<tx:attributes>
			<tx:method name="remove*" propagation="REQUIRED" />
			<tx:method name="add*" propagation="REQUIRED" />
			<tx:method name="find*" propagation="REQUIRED"
				read-only="true" />
		</tx:attributes>
	</tx:advice>

	<!-- 创建切面 -->	
	<aop:config>
		<aop:pointcut
			expression="execution(* service.impl.*.*(..))" id="myPoint" />
		<aop:advisor advice-ref="myAdvice" pointcut-ref="myPoint" />
	</aop:config>

</beans>