<?xml version="1.0" encoding="UTF-8"?>
<beans xmlns="http://www.springframework.org/schema/beans"
	xmlns:aop="http://www.springframework.org/schema/aop"
	xmlns:tx="http://www.springframework.org/schema/tx"
	xmlns:xsi="http://www.w3.org/2001/XMLSchema-instance"
	xmlns:p="http://www.springframework.org/schema/p"
	xsi:schemaLocation="http://www.springframework.org/schema/beans 
						http://www.springframework.org/schema/beans/spring-beans-3.1.xsd
						http://www.springframework.org/schema/aop 
						http://www.springframework.org/schema/aop/spring-aop-3.1.xsd
						http://www.springframework.org/schema/tx 
						http://www.springframework.org/schema/tx/spring-tx-3.1.xsd">


	<!-- 为了低版本的springmvc做消息转换类型而配置的json -->
	<bean
		class="org.springframework.http.converter.json.MappingJacksonHttpMessageConverter"
		id="httpMessageConverter"></bean>


	<!-- 配置注解方式找到controller的handlermapping -->
	<bean
		class="org.springframework.web.servlet.mvc.annotation.DefaultAnnotationHandlerMapping">
	</bean>
	<!-- 配置注解方式找到方法的handlerAdapter -->
	<bean
		class="org.springframework.web.servlet.mvc.annotation.AnnotationMethodHandlerAdapter">
		<!-- 为了低版本做消息转换类型而配置的json -->
		<property name="messageConverters">
			<list>
				<ref bean="httpMessageConverter" />
			</list>
		</property>
	</bean>
	<!--方法解析器 -->
	<bean
		class="org.springframework.web.servlet.view.InternalResourceViewResolver">
		<property name="viewClass"
			value="org.springframework.web.servlet.view.JstlView"></property>
		   
		<property name="suffix" value=".jsp"></property>
	</bean>

	<!-- <bean id="calc" class="controller.CalcController"></bean> -->

</beans>